name,stock,price,description,product_status,user_id
Cat Happy,,,Buy some Cat Happy today for your pet!  You know they need it lately,,
Cat Scared,,,Buy some Cat Scared today for your pet!  You know they need it lately,,
Cat Angry,,,Buy some Cat Angry today for your pet!  You know they need it lately,,
Cat Sadness,,,Buy some Cat Sadness today for your pet!  You know they need it lately,retired,
Cat Joy,,,Buy some Cat Joy today for your pet!  You know they need it lately,,
Cat Disgust,,,Buy some Cat Disgust today for your pet!  You know they need it lately,,
Cat Surprise,,,Buy some Cat Surprise today for your pet!  You know they need it lately,,
Cat Trust,,,Buy some Cat Trust today for your pet!  You know they need it lately,retired,
Cat Shame,,,Buy some Cat Shame today for your pet!  You know they need it lately,,
Cat Love,,,Buy some Cat Love today for your pet!  You know they need it lately,retired,
Dog Happy,,,Buy some Dog Happy today for your pet!  You know they need it lately,,
Dog Scared,,,Buy some Dog Scared today for your pet!  You know they need it lately,,
Dog Angry,,,Buy some Dog Angry today for your pet!  You know they need it lately,,
Dog Sadness,,,Buy some Dog Sadness today for your pet!  You know they need it lately,,
Dog Joy,,,Buy some Dog Joy today for your pet!  You know they need it lately,retired,
Dog Disgust,,,Buy some Dog Disgust today for your pet!  You know they need it lately,,
Dog Surprise,,,Buy some Dog Surprise today for your pet!  You know they need it lately,,
Dog Trust,,,Buy some Dog Trust today for your pet!  You know they need it lately,,
Dog Shame,,,Buy some Dog Shame today for your pet!  You know they need it lately,,
Dog Love,,,Buy some Dog Love today for your pet!  You know they need it lately,,
Fish Happy,,,Buy some Fish Happy today for your pet!  You know they need it lately,,
Fish Scared,,,Buy some Fish Scared today for your pet!  You know they need it lately,retired,
Fish Angry,,,Buy some Fish Angry today for your pet!  You know they need it lately,,
Fish Sadness,,,Buy some Fish Sadness today for your pet!  You know they need it lately,,
Fish Joy,,,Buy some Fish Joy today for your pet!  You know they need it lately,retired,
Fish Disgust,,,Buy some Fish Disgust today for your pet!  You know they need it lately,,
Fish Surprise,,,Buy some Fish Surprise today for your pet!  You know they need it lately,,
Fish Trust,,,Buy some Fish Trust today for your pet!  You know they need it lately,retired,
Fish Shame,,,Buy some Fish Shame today for your pet!  You know they need it lately,retired,
Fish Love,,,Buy some Fish Love today for your pet!  You know they need it lately,retired,
Horse Happy,,,Buy some Horse Happy today for your pet!  You know they need it lately,,
Ferret Scared,,,Buy some Ferret Scared today for your pet!  You know they need it lately,retired,
Ferret Angry,,,Buy some Ferret Angry today for your pet!  You know they need it lately,retired,
Ferret Sadness,,,Buy some Ferret Sadness today for your pet!  You know they need it lately,,
Ferret Joy,,,Buy some Ferret Joy today for your pet!  You know they need it lately,retired,
Ferret Disgust,,,Buy some Ferret Disgust today for your pet!  You know they need it lately,,
Ferret Surprise,,,Buy some Ferret Surprise today for your pet!  You know they need it lately,,
Ferret Trust,,,Buy some Ferret Trust today for your pet!  You know they need it lately,retired,
Ferret Shame,,,Buy some Ferret Shame today for your pet!  You know they need it lately,,
Ferret Love,,,Buy some Ferret Love today for your pet!  You know they need it lately,,
Hamster Happy,,,Buy some Hamster Happy today for your pet!  You know they need it lately,,
Hamster Scared,,,Buy some Hamster Scared today for your pet!  You know they need it lately,retired,
Hamster Angry,,,Buy some Hamster Angry today for your pet!  You know they need it lately,,
Hamster Sadness,,,Buy some Hamster Sadness today for your pet!  You know they need it lately,,
Hamster Joy,,,Buy some Hamster Joy today for your pet!  You know they need it lately,retired,
Hamster Disgust,,,Buy some Hamster Disgust today for your pet!  You know they need it lately,retired,
Hamster Surprise,,,Buy some Hamster Surprise today for your pet!  You know they need it lately,,
Hamster Trust,,,Buy some Hamster Trust today for your pet!  You know they need it lately,,
Hedgehog Happy,,,Buy some Hedgehog Happy today for your pet!  You know they need it lately,,
Hedgehog Scared,,,Buy some Hedgehog Scared today for your pet!  You know they need it lately,,
Hedgehog Angry,,,Buy some Hedgehog Angry today for your pet!  You know they need it lately,retired,
Hedgehog Sadness,,,Buy some Hedgehog Sadness today for your pet!  You know they need it lately,,
Hedgehog Joy,,,Buy some Hedgehog Joy today for your pet!  You know they need it lately,,
Hedgehog Disgust,,,Buy some Hedgehog Disgust today for your pet!  You know they need it lately,,
Hedgehog Surprise,,,Buy some Hedgehog Surprise today for your pet!  You know they need it lately,retired,
Hedgehog Trust,,,Buy some Hedgehog Trust today for your pet!  You know they need it lately,,
Hedgehog Shame,,,Buy some Hedgehog Shame today for your pet!  You know they need it lately,,
Hedgehog Love,,,Buy some Hedgehog Love today for your pet!  You know they need it lately,,
Chinchilla Happy,,,Buy some Chinchilla Happy today for your pet!  You know they need it lately,,
Pony Scared,,,Buy some Pony Scared today for your pet!  You know they need it lately,,
Chinchilla Angry,,,Buy some Chinchilla Angry today for your pet!  You know they need it lately,retired,
Chinchilla Sadness,,,Buy some Chinchilla Sadness today for your pet!  You know they need it lately,,
Chinchilla Joy,,,Buy some Chinchilla Joy today for your pet!  You know they need it lately,,
Chinchilla Disgust,,,Buy some Chinchilla Disgust today for your pet!  You know they need it lately,retired,
Chinchilla Surprise,,,Buy some Chinchilla Surprise today for your pet!  You know they need it lately,,
Chinchilla Trust,,,Buy some Chinchilla Trust today for your pet!  You know they need it lately,,
Chinchilla Shame,,,Buy some Chinchilla Shame today for your pet!  You know they need it lately,retired,
Chinchilla Love,,,Buy some Chinchilla Love today for your pet!  You know they need it lately,,
Turtle Happy,,,Buy some Turtle Happy today for your pet!  You know they need it lately,,
Turtle Scared,,,Buy some Turtle Scared today for your pet!  You know they need it lately,,
Turtle Angry,,,Buy some Turtle Angry today for your pet!  You know they need it lately,retired,
Turtle Sadness,,,Buy some Turtle Sadness today for your pet!  You know they need it lately,retired,
Turtle Joy,,,Buy some Turtle Joy today for your pet!  You know they need it lately,,
Turtle Disgust,,,Buy some Turtle Disgust today for your pet!  You know they need it lately,,
Turtle Surprise,,,Buy some Turtle Surprise today for your pet!  You know they need it lately,retired,
Turtle Trust,,,Buy some Turtle Trust today for your pet!  You know they need it lately,,
Turtle Shame,,,Buy some Turtle Shame today for your pet!  You know they need it lately,,
Turtle Love,,,Buy some Turtle Love today for your pet!  You know they need it lately,,
